{
  "created_date": "2025-11-21T18:08:24.905989",
  "n_samples": 558825,
  "numeric_features": {
    "year": {
      "mean": 2010.0388636872008,
      "std": 3.9668815725985813,
      "min": 1982.0,
      "max": 2015.0,
      "q25": 2007.0,
      "q50": 2012.0,
      "q75": 2013.0,
      "skew": -1.1831970684764972,
      "kurtosis": 1.010435688915274
    },
    "condition": {
      "mean": 30.76408893660806,
      "std": 13.274980148750165,
      "min": 1.0,
      "max": 49.0,
      "q25": 24.0,
      "q50": 35.0,
      "q75": 41.0,
      "skew": -0.8591149787459516,
      "kurtosis": -0.15220485464280964
    },
    "odometer": {
      "mean": 68250.68125620722,
      "std": 52533.31330451128,
      "min": 1.0,
      "max": 500000.0,
      "q25": 28375.0,
      "q50": 52255.0,
      "q75": 99104.0,
      "skew": 1.2698384497385782,
      "kurtosis": 2.134344031065002
    },
    "mmr": {
      "mean": 13769.306804455779,
      "std": 9679.747532384836,
      "min": 25.0,
      "max": 182000.0,
      "q25": 7100.0,
      "q50": 12250.0,
      "q75": 18300.0,
      "skew": 1.997708897199745,
      "kurtosis": 11.444025020950141
    },
    "vehicle_age": {
      "mean": 4.9611363127991766,
      "std": 3.9668815725985818,
      "min": 0.0,
      "max": 33.0,
      "q25": 2.0,
      "q50": 3.0,
      "q75": 8.0,
      "skew": 1.1831970684765363,
      "kurtosis": 1.0104356889153387
    },
    "log_odometer": {
      "mean": 10.777172849991931,
      "std": 1.0356437149312667,
      "min": 0.6931471805599453,
      "max": 13.122365377402328,
      "q25": 10.253298996453458,
      "q50": 10.863909995770191,
      "q75": 11.503935173132096,
      "skew": -2.9171903915449264,
      "kurtosis": 23.128520436431533
    },
    "age_odo_interaction": {
      "mean": 50.19278637623587,
      "std": 70.20142812026991,
      "min": 0.0,
      "max": 1100.0,
      "q25": 5.8142,
      "q50": 15.7176,
      "q75": 73.6848,
      "skew": 2.368898329828565,
      "kurtosis": 7.824819231933105
    },
    "has_date": {
      "mean": 0.7077152954860645,
      "std": 0.4548128474243341,
      "min": 0.0,
      "max": 1.0,
      "q25": 0.0,
      "q50": 1.0,
      "q75": 1.0,
      "skew": -0.9134132426807808,
      "kurtosis": -1.165680420006083
    }
  },
  "categorical_features": {
    "make": {
      "unique_count": 67,
      "entropy": 3.0577190183541387
    },
    "body": {
      "unique_count": 46,
      "entropy": 1.8019344183126353
    },
    "transmission": {
      "unique_count": 2,
      "entropy": 0.1395564721886915
    },
    "state": {
      "unique_count": 64,
      "entropy": 2.9636223448945986
    },
    "color": {
      "unique_count": 46,
      "entropy": 2.183581750684218
    },
    "interior": {
      "unique_count": 17,
      "entropy": 1.4031986594290369
    },
    "seller_grouped": {
      "unique_count": 101,
      "entropy": 3.045962860888128
    },
    "model_grouped": {
      "unique_count": 201,
      "entropy": 4.656151629349284
    },
    "trim_grouped": {
      "unique_count": 101,
      "entropy": 3.575701821487622
    }
  },
  "prediction_distribution": {
    "mean": 13610.2490234375,
    "std": 9641.154296875,
    "min": -574.7907104492188,
    "max": 169511.0,
    "q25": 6886.212890625,
    "q50": 12161.826171875,
    "q75": 18199.984375
  }
}